{"cameraMode":{"drawMode":0,"name":"Shaded","section":"Shading Mode"},"sceneLighting":true,"audioPlay":false,"sceneViewState":{"showFog":true,"showMaterialUpdate":false,"showSkybox":true,"showFlares":true,"showImageEffects":true,"showParticleSystems":true},"in2DMode":false,"pivot":{"x":7.119522571563721,"y":-15.841365814208985,"z":6.841116428375244},"rotation":{"x":-0.20242580771446229,"y":0.7536142468452454,"z":-0.563809335231781,"w":-0.27057236433029177},"size":81.25708770751953,"orthographic":false}