{"cameraMode":{"drawMode":0,"name":"Shaded","section":"Shading Mode"},"sceneLighting":true,"audioPlay":false,"sceneViewState":{"showFog":true,"showMaterialUpdate":false,"showSkybox":true,"showFlares":true,"showImageEffects":true,"showParticleSystems":true},"in2DMode":false,"pivot":{"x":-4.707448959350586,"y":0.014858245849609375,"z":22.221834182739259},"rotation":{"x":-0.06615393608808518,"y":0.7728292346000671,"z":-0.08168822526931763,"w":-0.6258507966995239},"size":30.710786819458009,"orthographic":false}