{"cameraMode":{"drawMode":0,"name":"Shaded","section":"Shading Mode"},"sceneLighting":true,"audioPlay":false,"sceneViewState":{"showFog":true,"showMaterialUpdate":false,"showSkybox":true,"showFlares":true,"showImageEffects":true,"showParticleSystems":true},"in2DMode":false,"pivot":{"x":-5.077520370483398,"y":-42.34264373779297,"z":-2.3406763076782228},"rotation":{"x":-0.3251412808895111,"y":0.6726293563842773,"z":-0.502277135848999,"w":-0.4354148805141449},"size":107.9927978515625,"orthographic":false}